"","gdp","gdp_growth","gdp_cross","gdp_growth_cross","EPI_MA","EPI_P","EPI"
"2",0.196586770303407,0.835789751788327,14.5179329869066,61.723073169568,73.85,73.85,74.32
"3",0.211421103032108,0.780257396031304,15.6296601735079,57.63519060804,73.897,74.32,73.92
"4",0.235303643962947,0.757396979539236,17.3949163753781,55.9494922316058,73.8993,73.92,72.68
"5",0.26749366136423,0.728736493062968,19.7051820868882,53.7762600986412,73.77737,72.68,72.12
"6",0.305608857924266,0.688027493367049,22.412696139868,50.7183486186775,73.611633,72.12,71.71
"7",0.348042847292635,0.648271956697307,25.4058890236619,47.7294893771577,73.4214697,71.71,71.17
"8",0.393983148422237,0.621733280356634,28.6118922968712,45.6815343600909,73.19632273,71.17,71.23
